Pessoas,Idade
Samuel Nascimento,12
Sr. Matheus Santos,20
Bruno Cardoso,5
Maria Julia Barbosa,15
Ana Júlia Costela,7
Pedro Lucas da Costa,31
Dr. Lucas Gabriel Mendes,25
Sarah Silveira,37
Dra. Melissa Mendes,29
Dr. Luiz Felipe Araújo,30
Alexia da Rosa,11
Sr. Murilo Cunha,15
Lorenzo Moura,13
Renan Moraes,17
Eduarda Fogaça,12
Miguel Ferreira,37
Ana Melo,28
Isabel Alves,8
Ana Clara da Mata,17
Laís Freitas,26
Lara Pires,30
Laís Silva,10
Melissa Pires,36
Ian Rezende,30
Emanuelly Melo,20
Lucas Gabriel Novaes,24
Isabel Caldeira,22
Dr. Davi Lucca Araújo,8
Ana Luiza Correia,16
Lorena Porto,19
Yuri Gomes,26
Joaquim da Rocha,31
Raul Pereira,1
Sr. Thales Pinto,2
Vitória Barros,31
Srta. Maria Eduarda da Luz,34
Dr. Caio Melo,23
Isabelly Ribeiro,21
Luiz Felipe Araújo,12
Sophia Ramos,15
Anthony Porto,6
Letícia Lopes,30
Antônio Lima,15
Dra. Ana Júlia Pinto,21
Theo Araújo,29
Dr. Kevin Pereira,25
Dr. Caio Campos,34
Sra. Milena das Neves,30
Rodrigo Novaes,32
Agatha Peixoto,5
Dr. Lorenzo Araújo,25
Bryan Silva,29
Fernando da Rocha,34
Vitor Gabriel Nogueira,34
Felipe Barros,14
Murilo Santos,3
Bianca Costela,16
Ana Sophia da Conceição,29
Enzo Cardoso,2
Elisa Campos,30
Henrique Ferreira,33
Júlia Moura,34
Guilherme da Cunha,33
Mirella Barros,32